Curtis, Jackson
A, Thousand Horses
Agnetha, Fältskog
Alan, Jackson
Albert, King
Alice, Cooper
Alison, Krauss
Amy, Winehouse
Andre, Rieu
Andrea, Bocelli
Andrew, W.K.
Antonio, Carlos Jobim
Apache, Indian
Arcade, Fire
Ariana, Grande
Arrested, Development
Ashley, Campbell
Astrud, Gilberto
Atlanta, Rhythm Section
Barclay, James Harvest
Barry, White
Beastie, Boys
Bee, Gees
Belinda, Carlisle
Ben, Harper
Ben, Howard
Benny, Andersson
Big, Country
Big, Star
Bill, Evans
Billie, Holiday
Billy, Currington
Billy, Fury
Billy, Preston
Black, Eyed Peas
Black, Sabbath
Black, Uhuru
Blind, Faith
Blue, Cheer
Bo, Diddley
Bob, Dylan
Bob, Marley
Bon, Jovi
Bonnie, Raitt
Booker, T
Boyz, II Men
Brantley, Gilbert
Brenda, Holloway
Brian, Eno
Bruce, Springsteen
Bryan, Adams
Bryan, Ferry
Buddy, Guy
Buddy, Holly
Burning, Spear
Burt, Bacharach
Canned, Heat
Captain, Beefheart
Cat, Stevens
Charlie, Parker
Cheap, Trick
Chris, Cornell
Chris, Stapleton
Chuck, Berry
Climax, Blues Band
Coleman, Hawkins
Corinne, Bailey Rae
Count, Basie
Counting, Crows
Craig, Armstrong
Creedence, Clearwater Revival
Crowded, House
Culture, Club
Cutting, Crew
Daniel, Hope
David, Bowie
Dean, Martin
Deep, Purple
Def, Leppard
Demi, Lovato
Demis, Roussos
Derek, And The Dominos
Desmond, Dekker
Diana, Krall
Diana, Ross
Dierks, Bentley
Dinah, Washington
Dire, Straits
Don, Henley
Donna, Summer
Dr, Dre
Duke, Ellington
Dusty, Springfield
Eagles, Of Death Metal
Eddie, Cochran
Ella, Fitzgerald
Elliott, Smith
Elton, John
Elvis, Costello
Elvis, Presley
Emeli, Sandé
Eric, Church
Eric, Clapton
Etta, James
Fairport, Convention
Fats, Domino
Florence, + The Machine
Four, Tops
Foxy, Brown
Frank, Sinatra
Frank, Zappa
Frankie, Goes To Hollywood
Freddie, Mercury
Frida, Lyngstad
Gang, Starr
Gary, Moore
Gene, Krupa
Gene, Vincent
Gentle, Giant
George, Benson
George, Harrison
George, Michael
George, Strait
George, Thorogood
Georgie, Fame
Ghostface, Killah
Ginger, Baker
Glen, Campbell
Grace, Jones
Graham, Parker
Grand, Funk Railroad
Gregory, Isaacs
Gregory, Porter
Gwen, Stefani
Hank, Williams
Herbie, Hancock
Howlin, Wolf
Hoyt, Axton
Humble, Pie
Ice, Cube
Iggy, Pop
Imagine, Dragons
Iron, Maiden
Isaac, Hayes
It, Bites
Jack, Bruce
Jack, Johnson
Jackson, 5
Jacques, Brel
James, Bay
James, Blake
James, Brown
James, Morrison
James, Taylor
Janet, Jackson
Jeru, the Damaja
Jessie, J
Jimi, Hendrix
Jimmy, Buffett
Jimmy, Cliff
Jimmy, Eat World
Jimmy, Ruffin
Jimmy, Smith
Joan, Armatrading
Joan, Baez
Joe, Cocker
Joe, Jackson
Joe, Sample
John, Coltrane
John, Fogerty
John, Lee Hooker
John, Lennon
John, Martyn
John, Mayall
John, Mellencamp
John, Williams
Johnny, Cash
Johnny, Gill
Joni, Mitchell
Jonny, Lang
Joss, Stone
Julie, London
Jurassic, 5
Justin, Bieber
Kacey, Musgraves
Kaiser, Chiefs
Kanye, West
Kate, Bush
Katy, Perry
Keith, Jarrett
Keith, Richards
Keith, Urban
Kendrick, Lamar
Kenny, Burrell
Kevin, Coyne
Killing, Joke
Kim, Carnes
Kip, Moore
Kool, And The Gang
LL, Cool J
Lady, A
Lady, GaGa
Lana, Del Rey
Laura, Marling
Led, Zeppelin
Lenny, Kravitz
Leon, Russell
Lester, Young
Level, 42
Lil, Wayne
Linton, Kwesi Johnson
Lionel, Richie
Little, Big Town
Little, Richard
Lloyd, Cole
Louis, Armstrong
Lucinda, Williams
Ludovico, Einaudi
Luke, Bryan
Lynyrd, Skynyrd
Marc, Almond
Marilyn, Manson
Mark, Knopfler
Maroon, 5
Marvin, Gaye
Mary, Hopkin
Mary, J. Blige
Mary, Wells
Massive, Attack
Master, P
Maxi, Priest
McCoy, Tyner
Meat, Loaf
Melody, Gardot
Method, Man
Michael, Jackson
Michael, Nyman
Mike, Oldfield
Miles, Davis
Minnie, Riperton
Muddy, Waters
Mötley, Crüe
Nanci, Griffith
Nat, King Cole
Neil, Diamond
Neil, Young
Neneh, Cherry
New, Edition
New, York Dolls
Nick, Drake
Nicki, Minaj
Nik, Kershaw
Nina, Simone
Nine, Inch Nails
No, Doubt
Norah, Jones
Ocean, Colour Scene
Oscar, Peterson
Otis, Redding
PJ, Harvey
Papa, Roach
Pat, Benatar
Pato, Banton
Patsy, Cline
Patty, Griffin
Paul, McCartney and Wings
Paul, Simon
Paul, Weller
Pearl, Jam
Peggy, Lee
Pete, Townshend
Peter, Frampton
Phil, Collins
Phil, Manzanera
Pink, Floyd
Public, Enemy
Queens, Of The Stone Age
Quicksilver, Messenger Service
Quincy, Jones
Ray, Charles
Reba, McEntire
Red, Hot Chili Peppers
Richie, Havens
Rick, James
Rick, Nelson
Rick, Ross
Rick, Wakeman
Ringo, Starr
Rise, Against
Rob, Zombie
Robbie, Williams
Robert, Cray
Robert, Glasper
Robert, Palmer
Robert, Plant
Rod, Stewart
Roger, Daltrey
Ronnie, Lane
Ronnie, Wood
Rory, Gallagher
Rosanne, Cash
Roxy, Music
Roy, Orbison
Ruff, Ryders
Rufus, Wainwright
Saint, Etienne
Sam, Cooke
Sam, Hunt
Sam, Smith
Sammy, Hagar
Sandy, Denny
Scott, Walker
Secret, Garden
Sensational, Alex Harvey Band
Serge, Gainsbourg
Sergio, Mendes
Sex, Pistols
Sham, 69
Shania, Twain
Sheryl, Crow
Simple, Minds
Slick, Rick
Small, Faces
Smokey, Robinson
Snoop, Dogg
Snow, Patrol
Soft, Cell
Sonic, Youth
Sonny, Boy Williamson
Soul, II Soul
Spandau, Ballet
Spice, Girls
Stan, Getz
Status, Quo
Steel, Pulse
Steely, Dan
Stereo, MCs
Steve, Earle
Steve, Hackett
Steve, Hillage
Steve, Miller Band
Steve, Winwood
Steven, Tyler
Stevie, Wonder
Suzanne, Vega
Take, That
Tammi, Terrell
Tangerine, Dream
Taylor, Swift
Tears, For Fears
Teena, Marie
Temple, Of The Dog
Thelma, Houston
Thelonious, Monk
Thin, Lizzy
Thomas, Rhett
Three, Dog Night
Tim, McGraw
Toby, Keith
Tom, Jones
Tom, Petty
Tom, Waits
Tori, Amos
Traveling, Wilburys
Van, der Graaf Generator
Vince, Gill
Wes, Montgomery
Wet, Wet Wet
Willie, Nelson